County,Income,State
Autauga,40484,AL
Baldwin,44079,AL
Barbour,33453,AL
Bibb,30022,AL
Blount,33707,AL
Bullock,27500,AL
Butler,35196,AL
Calhoun,36255,AL
Chambers,33758,AL
Cherokee,34371,AL
Chilton,33350,AL
Choctaw,37253,AL
Clarke,35448,AL
Clay,33230,AL
Cleburne,35298,AL
Coffee,42076,AL
Colbert,37602,AL
Conecuh,31616,AL
Coosa,30332,AL
Covington,34785,AL
Crenshaw,36832,AL
Cullman,38615,AL
Dale,35834,AL
Dallas,34955,AL
DeKalb,30982,AL
Elmore,40601,AL
Escambia,31842,AL
Etowah,36069,AL
Fayette,33996,AL
Franklin,32985,AL
Geneva,33958,AL
Greene,32156,AL
Hale,36043,AL
Henry,39459,AL
Houston,40878,AL
Jackson,35774,AL
Jefferson,52003,AL
Lamar,32803,AL
Lauderdale,36448,AL
Lawrence,33003,AL
Lee,36941,AL
Limestone,40381,AL
Lowndes,39483,AL
Macon,31938,AL
Madison,49650,AL
Marengo,38086,AL
Marion,32315,AL
Marshall,35005,AL
Mobile,37089,AL
Monroe,32754,AL
Montgomery,43074,AL
Morgan,38617,AL
Perry,30607,AL
Pickens,31799,AL
Pike,36225,AL
Randolph,31900,AL
Russell,32818,AL
St. Clair,36941,AL
Shelby,52406,AL
Sumter,32437,AL
Talladega,33909,AL
Tallapoosa,39724,AL
Tuscaloosa,37407,AL
Walker,38614,AL
Washington,35512,AL
Wilcox,31328,AL
Winston,34145,AL
Aleutians East Borough,59084,AK
Aleutians West Census Area,53010,AK
Anchorage Municipality,63532,AK
Bethel Census Area,42863,AK
Bristol Bay Borough,126725,AK
Denali Borough,78138,AK
Dillingham Census Area,59340,AK
Fairbanks North Star Borough,54497,AK
Haines Borough,59951,AK
Hoonah-Angoon Census Area,55045,AK
Juneau City and Borough,66367,AK
Kenai Peninsula Borough,49800,AK
Ketchikan Gateway Borough,65034,AK
Kodiak Island Borough,60891,AK
Kusilvak Census Area,30872,AK
Lake and Peninsula Borough,59760,AK
Matanuska-Susitna Borough,44803,AK
Nome Census Area,49983,AK
North Slope Borough,86588,AK
Northwest Arctic Borough,46033,AK
Petersburg Borough,63637,AK
Prince of Wales-Hyder Census Area,41420,AK
Sitka City and Borough,65745,AK
Skagway Municipality,76710,AK
Southeast Fairbanks Census Area,47802,AK
Valdez-Cordova Census Area,59622,AK
Wrangell City and Borough,44286,AK
Yakutat City and Borough,52812,AK
Yukon-Koyukuk Census Area,56357,AK
Apache,32845,AZ
Cochise,39294,AZ
Coconino,46266,AZ
Gila,38257,AZ
Graham,30391,AZ
Greenlee,36664,AZ
La Paz,31335,AZ
Maricopa,45573,AZ
Mohave,30865,AZ
Navajo,31213,AZ
Pima,41637,AZ
Pinal,29309,AZ
Santa Cruz,36392,AZ
Yavapai,37398,AZ
Yuma,34752,AZ
Arkansas,43376,AR
Ashley,33543,AR
Baxter,35293,AR
Benton,81533,AR
Boone,34333,AR
Bradley,38378,AR
Calhoun,32907,AR
Carroll,32990,AR
Chicot,34860,AR
Clark,34713,AR
Clay,33559,AR
Cleburne,36358,AR
Cleveland,38144,AR
Columbia,37104,AR
Conway,37012,AR
Craighead,35963,AR
Crawford,32076,AR
Crittenden,36589,AR
Cross,34106,AR
Dallas,32911,AR
Desha,35361,AR
Drew,35057,AR
Faulkner,35918,AR
Franklin,33102,AR
Fulton,27598,AR
Garland,38259,AR
Grant,36975,AR
Greene,33405,AR
Hempstead,31407,AR
Hot Spring,29628,AR
Howard,34352,AR
Independence,33558,AR
Izard,28838,AR
Jackson,32623,AR
Jefferson,33796,AR
Johnson,28716,AR
Lafayette,35108,AR
Lawrence,33534,AR
Lee,27174,AR
Lincoln,25489,AR
Little River,34547,AR
Logan,33395,AR
Lonoke,37686,AR
Madison,35934,AR
Marion,29581,AR
Miller,32577,AR
Mississippi,26139,AR
Monroe,31816,AR
Montgomery,29336,AR
Nevada,33148,AR
Newton,28297,AR
Ouachita,35209,AR
Perry,33750,AR
Phillips,29762,AR
Pike,31975,AR
Poinsett,30758,AR
Polk,29674,AR
Pope,33875,AR
Prairie,33271,AR
Pulaski,48838,AR
Randolph,32433,AR
St. Francis,27538,AR
Saline,40232,AR
Scott,30278,AR
Searcy,26884,AR
Sebastian,40280,AR
Sevier,30532,AR
Sharp,31610,AR
Stone,29452,AR
Union,43836,AR
Van Buren,30426,AR
Washington,38883,AR
White,33881,AR
Woodruff,34945,AR
Yell,32189,AR
Alameda,71282,CA
Alpine,65673,CA
Amador,43679,CA
Butte,43287,CA
Calaveras,47384,CA
Colusa,48056,CA
Contra Costa,76527,CA
Del Norte,36179,CA
El Dorado,64673,CA
Fresno,41470,CA
Glenn,46626,CA
Humboldt,46722,CA
Imperial,36206,CA
Inyo,59744,CA
Kern,38560,CA
Kings,35326,CA
Lake,41443,CA
Lassen,36686,CA
Los Angeles,58419,CA
Madera,38799,CA
Marin,124552,CA
Mariposa,50772,CA
Mendocino,47646,CA
Merced,38716,CA
Modoc,45338,CA
Mono,51631,CA
Monterey,54395,CA
Napa,71174,CA
Nevada,59715,CA
Orange,65400,CA
Placer,63515,CA
Plumas,51302,CA
Riverside,39261,CA
Sacramento,50197,CA
San Benito,51343,CA
San Bernardino,38816,CA
San Diego,57913,CA
San Francisco,119868,CA
San Joaquin,42822,CA
San Luis Obispo,55328,CA
San Mateo,113410,CA
Santa Barbara,59460,CA
Santa Clara,98032,CA
Santa Cruz,64028,CA
Shasta,44691,CA
Sierra,44584,CA
Siskiyou,43735,CA
Solano,49116,CA
Sonoma,60286,CA
Stanislaus,42793,CA
Sutter,43385,CA
Tehama,40016,CA
Trinity,38963,CA
Tulare,39756,CA
Tuolumne,46571,CA
Ventura,59178,CA
Yolo,52289,CA
Yuba,39525,CA
Adams,41215,CO
Alamosa,35721,CO
Arapahoe,56642,CO
Archuleta,39944,CO
Baca,42019,CO
Bent,26417,CO
Boulder,68027,CO
Broomfield,63596,CO
Chaffee,43773,CO
Cheyenne,57212,CO
Clear Creek,56672,CO
Conejos,34726,CO
Costilla,32753,CO
Crowley,19443,CO
Custer,38008,CO
Delta,37475,CO
Denver,69862,CO
Dolores,34214,CO
Douglas,71208,CO
Eagle,70384,CO
Elbert,55187,CO
El Paso,46511,CO
Fremont,33422,CO
Garfield,55305,CO
Gilpin,45531,CO
Grand,46013,CO
Gunnison,44365,CO
Hinsdale,49480,CO
Huerfano,41138,CO
Jackson,46248,CO
Jefferson,60398,CO
KIA,53959,CO
Kit Carson,39016,CO
Lake,34668,CO
La Plata,52759,CO
Larimer,50539,CO
Las Animas,38119,CO
Lincoln,28330,CO
Logan,48521,CO
Mesa,41503,CO
Mineral,66047,CO
Moffat,39007,CO
Montezuma,40336,CO
Montrose,37658,CO
Morgan,43632,CO
Otero,37214,CO
Ouray,56335,CO
Park,42703,CO
Phillips,47637,CO
Pitkin,143812,CO
Prowers,41247,CO
Pueblo,37231,CO
Rio Blanco,44189,CO
Rio Grande,45544,CO
Routt,73200,CO
Saguache,30134,CO
San Juan,47138,CO
San Miguel,77106,CO
Sedgwick,52363,CO
Summit,64446,CO
Teller,47030,CO
Washington,41019,CO
Weld,44080,CO
Yuma,55197,CO
Fairfield,110104,CT
Hartford,61664,CT
Litchfield,62461,CT
Middlesex,65704,CT
New Haven,54543,CT
New London,56725,CT
Tolland,54818,CT
Windham,45553,CT
Kent,40304,DE
New Castle,53577,DE
Sussex,47324,DE
Alachua,42280,FL
Baker,30804,FL
Bay,42476,FL
Bradford,32685,FL
Brevard,43592,FL
Broward,48680,FL
Calhoun,26108,FL
Charlotte,40557,FL
Citrus,37379,FL
Clay,42386,FL
Collier,87829,FL
Columbia,33973,FL
DeSoto,24040,FL
Dixie,26467,FL
Duval,44347,FL
Escambia,40855,FL
Flagler,43444,FL
Franklin,34447,FL
Gadsden,33383,FL
Gilchrist,33266,FL
Glades,22617,FL
Gulf,33665,FL
Hamilton,25192,FL
Hardee,27559,FL
Hendry,30190,FL
Hernando,36161,FL
Highlands,33446,FL
Hillsborough,44709,FL
Holmes,29242,FL
Indian River,73274,FL
Jackson,30660,FL
Jefferson,40762,FL
Lafayette,24767,FL
Lake,40541,FL
Lee,49764,FL
Leon,42862,FL
Levy,34614,FL
Liberty,23311,FL
Madison,30470,FL
Manatee,45880,FL
Marion,35864,FL
Martin,79104,FL
Miami-Dade,46048,FL
Monroe,83328,FL
Nassau,55594,FL
Okaloosa,47433,FL
Okeechobee,30203,FL
Orange,42541,FL
Osceola,32096,FL
Palm Beach,74754,FL
Pasco,38911,FL
Pinellas,50630,FL
Polk,34213,FL
Putnam,31057,FL
St. Johns,64177,FL
St. Lucie,38835,FL
Santa Rosa,42909,FL
Sarasota,61523,FL
Seminole,46231,FL
Sumter,43464,FL
Suwannee,32644,FL
Taylor,29298,FL
Union,20396,FL
Volusia,40658,FL
Wakulla,35129,FL
Walton,56076,FL
Washington,28676,FL
Appling,31731,GA
Atkinson,28070,GA
Bacon,32310,GA
Baker,34137,GA
Baldwin,32176,GA
Banks,34749,GA
Barrow,35164,GA
Bartow,37362,GA
Ben Hill,30247,GA
Berrien,29406,GA
Bibb,40031,GA
Bleckley,32704,GA
Brantley,26861,GA
Brooks,33571,GA
Bryan,50887,GA
Bulloch,30522,GA
Burke,34330,GA
Butts,32199,GA
Calhoun,24527,GA
Camden,34854,GA
Candler,29172,GA
Carroll,36790,GA
Catoosa,34158,GA
Charlton,24442,GA
Chatham,44313,GA
Chattahoochee,30857,GA
Chattooga,29621,GA
Cherokee,49067,GA
Clarke,32491,GA
Clay,29731,GA
Clayton,27289,GA
Clinch,35903,GA
Cobb,53300,GA
Coffee,30732,GA
Colquitt,31371,GA
Columbia,48009,GA
Cook,30632,GA
Coweta,44419,GA
Crawford,32597,GA
Crisp,30918,GA
Dade,33792,GA
Dawson,43380,GA
Decatur,35677,GA
DeKalb,47412,GA
Dodge,29806,GA
Dooly,28079,GA
Dougherty,34989,GA
Douglas,34147,GA
Early,38832,GA
Echols,26673,GA
Effingham,39545,GA
Elbert,34541,GA
Emanuel,31813,GA
Evans,33930,GA
Fannin,34110,GA
Fayette,60286,GA
Floyd,37204,GA
Forsyth,60110,GA
Franklin,35522,GA
Fulton,78794,GA
Gilmer,33648,GA
Glascock,32611,GA
Glynn,42673,GA
Gordon,33731,GA
Grady,32547,GA
Greene,52044,GA
Gwinnett,39856,GA
Habersham,32867,GA
Hall,41219,GA
Hancock,27998,GA
Haralson,35016,GA
Harris,45802,GA
Hart,36087,GA
Heard,30422,GA
Henry,37821,GA
Houston,41365,GA
Irwin,30230,GA
Jackson,41151,GA
Jasper,36270,GA
Jeff Davis,28634,GA
Jefferson,32593,GA
Jenkins,28073,GA
Johnson,24786,GA
Jones,36373,GA
Lamar,32483,GA
Lanier,26116,GA
Laurens,35729,GA
Lee,45096,GA
Liberty,34465,GA
Lincoln,35808,GA
Long,25838,GA
Lowndes,35950,GA
Lumpkin,35110,GA
McDuffie,35274,GA
McIntosh,28534,GA
Macon,30119,GA
Madison,35225,GA
Marion,28219,GA
Meriwether,34049,GA
Miller,38798,GA
Mitchell,33707,GA
Monroe,43125,GA
Montgomery,28994,GA
Morgan,47123,GA
Murray,29243,GA
Muscogee,42483,GA
Newton,32548,GA
Oconee,61379,GA
Oglethorpe,36773,GA
Paulding,36243,GA
Peach,36582,GA
Pickens,45717,GA
Pierce,34240,GA
Pike,38728,GA
Polk,31639,GA
Pulaski,28776,GA
Putnam,39996,GA
Quitman,29036,GA
Rabun,40292,GA
Randolph,30910,GA
Richmond,36309,GA
Rockdale,34317,GA
Schley,30241,GA
Screven,32673,GA
Seminole,39506,GA
Spalding,33787,GA
Stephens,37709,GA
Stewart,22508,GA
Sumter,34174,GA
Talbot,34810,GA
Taliaferro,33003,GA
Tattnall,27503,GA
Taylor,29213,GA
Telfair,20748,GA
Terrell,39175,GA
Thomas,41480,GA
Tift,35819,GA
Toombs,34337,GA
Towns,35014,GA
Treutlen,28750,GA
Troup,36335,GA
Turner,33218,GA
Twiggs,37713,GA
Union,34545,GA
Upson,34885,GA
Walker,31929,GA
Walton,38871,GA
Ware,32734,GA
Warren,32824,GA
Washington,34161,GA
Wayne,30427,GA
Webster,31190,GA
Wheeler,19220,GA
White,33262,GA
Whitfield,37351,GA
Wilcox,25934,GA
Wilkes,38698,GA
Wilkinson,35452,GA
Worth,32231,GA
Hawaii,40188,HI
Honolulu,56728,HI
Kauai,46596,HI
Maui + Kalawao,47226,HI
Ada,49900,ID
Adams,36851,ID
Bannock,36987,ID
Bear Lake,37634,ID
Benewah,35520,ID
Bingham,35535,ID
Blaine,102546,ID
Boise,43549,ID
Bonner,39310,ID
Bonneville,45413,ID
Boundary,34576,ID
Butte,37885,ID
Camas,37216,ID
Canyon,31370,ID
Caribou,38020,ID
Cassia,44132,ID
Clark,38562,ID
Clearwater,34454,ID
Custer,42868,ID
Elmore,36239,ID
Franklin,34781,ID
Fremont,35638,ID
Gem,36225,ID
Gooding,56256,ID
Idaho,32369,ID
Jefferson,33779,ID
Jerome,38279,ID
Kootenai,42224,ID
Latah,39575,ID
Lemhi,40056,ID
Lewis,44577,ID
Lincoln,34342,ID
Madison,25132,ID
Minidoka,37706,ID
Nez Perce,42487,ID
Oneida,34831,ID
Owyhee,35410,ID
Payette,38509,ID
Power,36969,ID
Shoshone,35285,ID
Teton,37314,ID
Twin Falls,38291,ID
Valley,46550,ID
Washington,34313,ID
Adams,44373,IL
Alexander,33018,IL
Bond,34664,IL
Boone,44908,IL
Brown,32435,IL
Bureau,41781,IL
Calhoun,39253,IL
Carroll,42827,IL
Cass,39779,IL
Champaign,43584,IL
Christian,39651,IL
Clark,39888,IL
Clay,37030,IL
Clinton,44533,IL
Coles,38902,IL
Cook,59238,IL
Crawford,44838,IL
Cumberland,41388,IL
DeKalb,38827,IL
De Witt,44888,IL
Douglas,47450,IL
DuPage,69323,IL
Edgar,40477,IL
Edwards,39128,IL
Effingham,47738,IL
Fayette,33229,IL
Ford,49695,IL
Franklin,36093,IL
Fulton,35542,IL
Gallatin,44166,IL
Greene,34809,IL
Grundy,49070,IL
Hamilton,42710,IL
Hancock,43118,IL
Hardin,35344,IL
Henderson,41507,IL
Henry,44544,IL
Iroquois,41365,IL
Jackson,35634,IL
Jasper,42052,IL
Jefferson,37438,IL
Jersey,39459,IL
Jo Daviess,46903,IL
Johnson,32881,IL
Kane,48975,IL
Kankakee,39862,IL
Kendall,47433,IL
Knox,37983,IL
Lake,76227,IL
LaSalle,42582,IL
Lawrence,28574,IL
Lee,40333,IL
Livingston,41727,IL
Logan,35702,IL
McDonough,36563,IL
McHenry,53562,IL
McLean,47578,IL
Macon,45701,IL
Macoupin,38639,IL
Madison,44768,IL
Marion,39935,IL
Marshall,43248,IL
Mason,39789,IL
Massac,36835,IL
Menard,43597,IL
Mercer,43994,IL
Monroe,55612,IL
Montgomery,35107,IL
Morgan,39429,IL
Moultrie,52624,IL
Ogle,44226,IL
Peoria,48263,IL
Perry,35117,IL
Piatt,50003,IL
Pike,39896,IL
Pope,28262,IL
Pulaski,36215,IL
Putnam,55001,IL
Randolph,34989,IL
Richland,40424,IL
Rock Island,44155,IL
St. Clair,42923,IL
Saline,38690,IL
Sangamon,46325,IL
Schuyler,41117,IL
Scott,38362,IL
Shelby,37745,IL
Stark,40153,IL
Stephenson,41144,IL
Tazewell,45096,IL
Union,41756,IL
Vermilion,37387,IL
Wabash,42812,IL
Warren,39006,IL
Washington,46795,IL
Wayne,38059,IL
White,45742,IL
Whiteside,42290,IL
Will,50638,IL
Williamson,42787,IL
Winnebago,41682,IL
Woodford,49474,IL
Adams,36934,IN
Allen,44525,IN
Bartholomew,47804,IN
Benton,38447,IN
Blackford,36482,IN
Boone,71102,IN
Brown,44905,IN
Carroll,40642,IN
Cass,37077,IN
Clark,42121,IN
Clay,36801,IN
Clinton,36608,IN
Crawford,32141,IN
Daviess,39707,IN
Dearborn,45298,IN
Decatur,40820,IN
DeKalb,41622,IN
Delaware,35762,IN
Dubois,53825,IN
Elkhart,44143,IN
Fayette,39072,IN
Floyd,54129,IN
Fountain,37635,IN
Franklin,44500,IN
Fulton,40098,IN
Gibson,43653,IN
Grant,37921,IN
Greene,37575,IN
Hamilton,71377,IN
Hancock,48381,IN
Harrison,40212,IN
Hendricks,47699,IN
Henry,36530,IN
Howard,40135,IN
Huntington,39650,IN
Jackson,41263,IN
Jasper,41653,IN
Jay,36333,IN
Jefferson,40508,IN
Jennings,37421,IN
Johnson,46517,IN
Knox,42473,IN
Kosciusko,45177,IN
Lagrange,38697,IN
Lake,43099,IN
LaPorte,40253,IN
Lawrence,38879,IN
Madison,36691,IN
Marion,50957,IN
Marshall,40335,IN
Martin,37462,IN
Miami,33041,IN
Monroe,39880,IN
Montgomery,38940,IN
Morgan,42324,IN
Newton,36856,IN
Noble,37186,IN
Ohio,38856,IN
Orange,36195,IN
Owen,38093,IN
Parke,35097,IN
Perry,36121,IN
Pike,39153,IN
Porter,49586,IN
Posey,46613,IN
Pulaski,41906,IN
Putnam,36189,IN
Randolph,36186,IN
Ripley,39826,IN
Rush,43763,IN
St. Joseph,46118,IN
Scott,36397,IN
Shelby,42222,IN
Spencer,42290,IN
Starke,34014,IN
Steuben,40203,IN
Sullivan,33697,IN
Switzerland,28933,IN
Tippecanoe,36907,IN
Tipton,43567,IN
Union,36298,IN
Vanderburgh,44028,IN
Vermillion,37089,IN
Vigo,37308,IN
Wabash,40503,IN
Warren,41686,IN
Warrick,53549,IN
Washington,35873,IN
Wayne,39888,IN
Wells,40476,IN
White,41120,IN
Whitley,42715,IN
Adair,46459,IA
Adams,59530,IA
Allamakee,42852,IA
Appanoose,36161,IA
Audubon,43884,IA
Benton,49693,IA
Black Hawk,42187,IA
Boone,45854,IA
Bremer,46759,IA
Buchanan,43729,IA
Buena Vista,43713,IA
Butler,46419,IA
Calhoun,44667,IA
Carroll,50112,IA
Cass,44648,IA
Cedar,50064,IA
Cerro Gordo,50337,IA
Cherokee,57318,IA
Chickasaw,54448,IA
Clarke,39797,IA
Clay,47210,IA
Clayton,46549,IA
Clinton,42274,IA
Crawford,38373,IA
Dallas,62299,IA
Davis,33493,IA
Decatur,32453,IA
Delaware,47199,IA
Des Moines,47623,IA
Dickinson,55945,IA
Dubuque,45990,IA
Emmet,42459,IA
Fayette,41312,IA
Floyd,43932,IA
Franklin,47980,IA
Fremont,43111,IA
Greene,44895,IA
Grundy,50388,IA
Guthrie,49143,IA
Hamilton,46476,IA
Hancock,49114,IA
Hardin,47797,IA
Harrison,43283,IA
Henry,40583,IA
Howard,43608,IA
Humboldt,46930,IA
Ida,48870,IA
Iowa,50333,IA
Jackson,41956,IA
Jasper,40662,IA
Jefferson,37910,IA
Johnson,50136,IA
Jones,41808,IA
Keokuk,40419,IA
Kossuth,49266,IA
Lee,39040,IA
Linn,50479,IA
Louisa,38010,IA
Lucas,40185,IA
Lyon,55732,IA
Madison,46911,IA
Mahaska,39931,IA
Marion,45340,IA
Marshall,40906,IA
Mills,51217,IA
Mitchell,54542,IA
Monona,46483,IA
Monroe,40278,IA
Montgomery,39526,IA
Muscatine,45010,IA
O'Brien,55168,IA
Osceola,50513,IA
Page,39131,IA
Palo Alto,47624,IA
Plymouth,53746,IA
Pocahontas,44728,IA
Polk,51138,IA
Pottawattamie,42787,IA
Poweshiek,44591,IA
Ringgold,41707,IA
Sac,47227,IA
Scott,51612,IA
Shelby,48804,IA
Sioux,49363,IA
Story,39848,IA
Tama,43239,IA
Taylor,38996,IA
Union,37292,IA
Van Buren,37170,IA
Wapello,36700,IA
Warren,48468,IA
Washington,50351,IA
Wayne,40085,IA
Webster,42719,IA
Winnebago,41520,IA
Winneshiek,46269,IA
Woodbury,41202,IA
Worth,39471,IA
Wright,49661,IA
Allen,38253,KS
Anderson,37848,KS
Atchison,35619,KS
Barber,39718,KS
Barton,45222,KS
Bourbon,39604,KS
Brown,43352,KS
Butler,43964,KS
Chase,46007,KS
Chautauqua,39448,KS
Cherokee,37606,KS
Cheyenne,44248,KS
Clark,59001,KS
Clay,42548,KS
Cloud,37315,KS
Coffey,50407,KS
Comanche,43437,KS
Cowley,37203,KS
Crawford,35591,KS
Decatur,44177,KS
Dickinson,39510,KS
Doniphan,36542,KS
Douglas,41360,KS
Edwards,47917,KS
Elk,40225,KS
Ellis,43446,KS
Ellsworth,39492,KS
Finney,40272,KS
Ford,37429,KS
Franklin,40207,KS
Geary,45630,KS
Gove,54224,KS
Graham,43995,KS
Grant,47361,KS
Gray,67986,KS
Greeley,51650,KS
Greenwood,41444,KS
Hamilton,54707,KS
Harper,43570,KS
Harvey,40521,KS
Haskell,56037,KS
Hodgeman,45227,KS
Jackson,39574,KS
Jefferson,41753,KS
Jewell,46000,KS
Johnson,69977,KS
Kearny,53621,KS
Kingman,43024,KS
KIA,42384,KS
Labette,40043,KS
Lane,92559,KS
Leavenworth,41101,KS
Lincoln,40481,KS
Linn,34694,KS
Logan,45961,KS
Lyon,36364,KS
McPherson,47213,KS
Marion,43207,KS
Marshall,43790,KS
Meade,59533,KS
Miami,46231,KS
Mitchell,52899,KS
Montgomery,35172,KS
Morris,43460,KS
Morton,43997,KS
Nemaha,51162,KS
Neosho,37792,KS
Ness,52680,KS
Norton,40179,KS
Osage,39664,KS
Osborne,45402,KS
Ottawa,40002,KS
Pawnee,38307,KS
Phillips,48355,KS
Pottawatomie,53216,KS
Pratt,46856,KS
Rawlins,48529,KS
Reno,39343,KS
Republic,44049,KS
Rice,41642,KS
Riley,40974,KS
Rooks,37531,KS
Rush,42289,KS
Russell,43084,KS
Saline,47945,KS
Scott,65178,KS
Sedgwick,49101,KS
Seward,36873,KS
Shawnee,44834,KS
Sheridan,46736,KS
Sherman,38942,KS
Smith,43367,KS
Stafford,41697,KS
Stanton,49564,KS
Stevens,36020,KS
Sumner,39814,KS
Thomas,40874,KS
Trego,45878,KS
Wabaunsee,48957,KS
Wallace,51915,KS
Washington,44208,KS
Wichita,61745,KS
Wilson,43056,KS
Woodson,34012,KS
Wyandotte,32085,KS
Adair,29562,KY
Allen,31222,KY
Anderson,38407,KY
Ballard,36849,KY
Barren,35184,KY
Bath,29669,KY
Bell,28395,KY
Boone,45358,KY
Bourbon,43186,KY
Boyd,36954,KY
Boyle,36312,KY
Bracken,34728,KY
Breathitt,32512,KY
Breckinridge,33214,KY
Bullitt,39440,KY
Butler,33562,KY
Caldwell,33824,KY
Calloway,34273,KY
Campbell,46127,KY
Carlisle,42704,KY
Carroll,34715,KY
Carter,29783,KY
Casey,30446,KY
Christian,37622,KY
Clark,38608,KY
Clay,29924,KY
Clinton,30180,KY
Crittenden,33425,KY
Cumberland,33786,KY
Daviess,39933,KY
Edmonson,31494,KY
Elliott,22111,KY
Estill,30713,KY
Fayette,46753,KY
Fleming,32313,KY
Floyd,35137,KY
Franklin,41312,KY
Fulton,32258,KY
Gallatin,30286,KY
Garrard,33289,KY
Grant,34322,KY
Graves,36685,KY
Grayson,32168,KY
Green,33798,KY
Greenup,38285,KY
Hancock,34159,KY
Hardin,42204,KY
Harlan,29428,KY
Harrison,33751,KY
Hart,31319,KY
Henderson,38069,KY
Henry,36539,KY
Hickman,40895,KY
Hopkins,38097,KY
Jackson,27814,KY
Jefferson,49034,KY
Jessamine,43317,KY
Johnson,32255,KY
Kenton,55214,KY
Knott,29691,KY
Knox,28555,KY
Larue,35275,KY
Laurel,33096,KY
Lawrence,30585,KY
Lee,31422,KY
Leslie,31386,KY
Letcher,29549,KY
Lewis,29716,KY
Lincoln,30353,KY
Livingston,36412,KY
Logan,34478,KY
Lyon,34043,KY
McCracken,48797,KY
McCreary,24937,KY
McLean,38530,KY
Madison,34342,KY
Magoffin,29243,KY
Marion,34418,KY
Marshall,39039,KY
Martin,28740,KY
Mason,39056,KY
Meade,38225,KY
Menifee,29337,KY
Mercer,36079,KY
Metcalfe,30387,KY
Monroe,34888,KY
Montgomery,33733,KY
Morgan,26707,KY
Muhlenberg,33570,KY
Nelson,41941,KY
Nicholas,33170,KY
Ohio,31431,KY
Oldham,59412,KY
Owen,32578,KY
Owsley,30453,KY
Pendleton,44376,KY
Perry,36890,KY
Pike,34951,KY
Powell,31120,KY
Pulaski,35382,KY
Robertson,31885,KY
Rockcastle,30151,KY
Rowan,29866,KY
Russell,32691,KY
Scott,42144,KY
Shelby,42855,KY
Simpson,37491,KY
Spencer,42448,KY
Taylor,34074,KY
Todd,35889,KY
Trigg,36130,KY
Trimble,35041,KY
Union,31514,KY
Warren,36957,KY
Washington,35750,KY
Wayne,27494,KY
Webster,39143,KY
Whitley,32130,KY
Wolfe,30392,KY
Woodford,48906,KY
Acadia,35401,LA
Allen,32106,LA
Ascension,47679,LA
Assumption,42787,LA
Avoyelles,36626,LA
Beauregard,41218,LA
Bienville,35589,LA
Bossier,41655,LA
Caddo,44565,LA
Calcasieu,46491,LA
Caldwell,32861,LA
Cameron,45278,LA
Catahoula,33657,LA
Claiborne,33392,LA
Concordia,31881,LA
De Soto,38098,LA
East Baton Rouge,48771,LA
East Carroll,36206,LA
East Feliciana,41384,LA
Evangeline,32781,LA
Franklin,31348,LA
Grant,30971,LA
Iberia,37138,LA
Iberville,39045,LA
Jackson,32705,LA
Jefferson,48563,LA
Jefferson Davis,40176,LA
Lafayette,45892,LA
Lafourche,44192,LA
LaSalle,30624,LA
Lincoln,38032,LA
Livingston,38493,LA
Madison,31834,LA
Morehouse,37564,LA
Natchitoches,37325,LA
Orleans,49222,LA
Ouachita,39643,LA
Plaquemines,48666,LA
Pointe Coupee,42469,LA
Rapides,44588,LA
Red River,36840,LA
Richland,36473,LA
Sabine,32635,LA
St. Bernard,31482,LA
St. Charles,47299,LA
St. Helena,41512,LA
St. James,44911,LA
St. John the Baptist,38945,LA
St. Landry,39519,LA
St. Martin,36420,LA
St. Mary,37341,LA
St. Tammany,55656,LA
Tangipahoa,37814,LA
Tensas,35824,LA
Terrebonne,38958,LA
Union,37303,LA
Vermilion,37050,LA
Vernon,39306,LA
Washington,32799,LA
Webster,37179,LA
West Baton Rouge,45622,LA
West Carroll,35179,LA
West Feliciana,37005,LA
Winn,35191,LA
Androscoggin,39873,ME
Aroostook,39377,ME
Cumberland,58654,ME
Franklin,37315,ME
Hancock,49256,ME
Kennebec,43292,ME
Knox,49005,ME
Lincoln,48619,ME
Oxford,36239,ME
Penobscot,39885,ME
Piscataquis,36224,ME
Sagadahoc,49679,ME
Somerset,36426,ME
Waldo,38681,ME
Washington,38799,ME
York,49653,ME
Allegany,39320,MD
Anne Arundel,64648,MD
Baltimore,59130,MD
Calvert,60080,MD
Caroline,44832,MD
Carroll,60512,MD
Cecil,46059,MD
Charles,55231,MD
Dorchester,45141,MD
Frederick,59259,MD
Garrett,43824,MD
Harford,56564,MD
Howard,74938,MD
Kent,59466,MD
Montgomery,86136,MD
Prince George's,47365,MD
Queen Anne's,61995,MD
St. Mary's,54921,MD
Somerset,31327,MD
Talbot,71246,MD
Washington,45610,MD
Wicomico,40896,MD
Worcester,58191,MD
Baltimore City,49168,MD
Barnstable,70430,MA
Berkshire,54095,MA
Bristol,51298,MA
Dukes,88295,MA
Essex,64071,MA
Franklin,52332,MA
Hampden,49319,MA
Hampshire,50582,MA
Middlesex,79214,MA
Nantucket,119379,MA
Norfolk,86746,MA
Plymouth,64020,MA
Suffolk,73909,MA
Worcester,54891,MA
Alcona,36474,MI
Alger,32253,MI
Allegan,42406,MI
Alpena,39288,MI
Antrim,43615,MI
Arenac,36296,MI
Baraga,31211,MI
Barry,42745,MI
Bay,41024,MI
Benzie,40874,MI
Berrien,46133,MI
Branch,35200,MI
Calhoun,38683,MI
Cass,43379,MI
Charlevoix,48678,MI
Cheboygan,37539,MI
Chippewa,32459,MI
Clare,32680,MI
Clinton,44270,MI
Crawford,32627,MI
Delta,38390,MI
Dickinson,45248,MI
Eaton,40784,MI
Emmet,53296,MI
Genesee,39636,MI
Gladwin,35770,MI
Gogebic,38016,MI
Grand Traverse,47165,MI
Gratiot,35104,MI
Hillsdale,33908,MI
Houghton,35570,MI
Huron,43223,MI
Ingham,38795,MI
Ionia,32840,MI
Iosco,36220,MI
Iron,42236,MI
Isabella,33053,MI
Jackson,38069,MI
Kalamazoo,46389,MI
Kalkaska,32780,MI
Kent,51801,MI
Keweenaw,43993,MI
Lake,29790,MI
Lapeer,40960,MI
Leelanau,60914,MI
Lenawee,38094,MI
Livingston,55799,MI
Luce,29812,MI
Mackinac,42367,MI
Macomb,44850,MI
Manistee,36416,MI
Marquette,38096,MI
Mason,38460,MI
Mecosta,31868,MI
Menominee,40163,MI
Midland,54922,MI
Missaukee,32878,MI
Monroe,45363,MI
Montcalm,33018,MI
Montmorency,35747,MI
Muskegon,37149,MI
Newaygo,36589,MI
Oakland,68971,MI
Oceana,36109,MI
Ogemaw,32885,MI
Ontonagon,37473,MI
Osceola,34096,MI
Oscoda,31412,MI
Otsego,38327,MI
Ottawa,46275,MI
Presque Isle,36945,MI
Roscommon,35187,MI
Saginaw,38090,MI
St. Clair,42002,MI
St. Joseph,36005,MI
Sanilac,35272,MI
Schoolcraft,37696,MI
Shiawassee,37355,MI
Tuscola,35676,MI
Van Buren,38953,MI
Washtenaw,56348,MI
Wayne,41704,MI
Wexford,34633,MI
Aitkin,37793,MN
Anoka,48687,MN
Becker,44959,MN
Beltrami,39275,MN
Benton,42119,MN
Big Stone,48320,MN
Blue Earth,43407,MN
Brown,50038,MN
Carlton,40723,MN
Carver,67680,MN
Cass,44951,MN
Chippewa,44726,MN
Chisago,46421,MN
Clay,41018,MN
Clearwater,40527,MN
Cook,50943,MN
Cottonwood,43161,MN
Crow Wing,42770,MN
Dakota,57638,MN
Dodge,42682,MN
Douglas,50521,MN
Faribault,37398,MN
Fillmore,40766,MN
Freeborn,41405,MN
Goodhue,49682,MN
Grant,47693,MN
Hennepin,71067,MN
Houston,49289,MN
Hubbard,40899,MN
Isanti,42673,MN
Itasca,40225,MN
Jackson,48601,MN
Kanabec,41384,MN
Kandiyohi,51466,MN
Kittson,49294,MN
Koochiching,39378,MN
Lac qui Parle,46306,MN
Lake,45746,MN
Lake of the Woods,50391,MN
Le Sueur,47050,MN
Lincoln,42324,MN
Lyon,45797,MN
McLeod,47841,MN
Mahnomen,34207,MN
Marshall,47475,MN
Martin,49015,MN
Meeker,41638,MN
Mille Lacs,40685,MN
Morrison,39410,MN
Mower,44403,MN
Murray,50520,MN
Nicollet,47449,MN
Nobles,42144,MN
Norman,37412,MN
Olmsted,54194,MN
Otter Tail,45415,MN
Pennington,51016,MN
Pine,35722,MN
Pipestone,53314,MN
Polk,45040,MN
Pope,46488,MN
Ramsey,52291,MN
Red Lake,47637,MN
Redwood,45061,MN
Renville,48651,MN
Rice,41787,MN
Rock,48510,MN
Roseau,48110,MN
St. Louis,44556,MN
Scott,56753,MN
Sherburne,45157,MN
Sibley,45467,MN
Stearns,44344,MN
Steele,43549,MN
Stevens,44580,MN
Swift,43024,MN
Todd,38130,MN
Traverse,46448,MN
Wabasha,44577,MN
Wadena,37892,MN
Waseca,41814,MN
Washington,63681,MN
Watonwan,42173,MN
Wilkin,51110,MN
Winona,47561,MN
Wright,47577,MN
Yellow Medicine,49296,MN
Adams,33099,MS
Alcorn,34644,MS
Amite,31542,MS
Attala,33002,MS
Benton,29022,MS
Bolivar,36131,MS
Calhoun,31576,MS
Carroll,35649,MS
Chickasaw,32817,MS
Choctaw,31461,MS
Claiborne,29657,MS
Clarke,35815,MS
Clay,35998,MS
Coahoma,34125,MS
Copiah,32140,MS
Covington,33449,MS
DeSoto,39461,MS
Forrest,38141,MS
Franklin,33209,MS
George,31850,MS
Greene,28556,MS
Grenada,35122,MS
Hancock,34580,MS
Harrison,36350,MS
Hinds,38758,MS
Holmes,27715,MS
Humphreys,27775,MS
Issaquena,11937,MS
Itawamba,33116,MS
Jackson,36449,MS
Jasper,35220,MS
Jefferson,31628,MS
Jefferson Davis,29287,MS
Jones,37501,MS
Kemper,29224,MS
Lafayette,40037,MS
Lamar,39076,MS
Lauderdale,37796,MS
Lawrence,32468,MS
Leake,29289,MS
Lee,39882,MS
Leflore,35241,MS
Lincoln,37087,MS
Lowndes,37061,MS
Madison,61895,MS
Marion,32535,MS
Marshall,31238,MS
Monroe,33047,MS
Montgomery,33194,MS
Neshoba,34943,MS
Newton,33989,MS
Noxubee,32862,MS
Oktibbeha,32464,MS
Panola,32246,MS
Pearl River,35164,MS
Perry,30856,MS
Pike,30641,MS
Pontotoc,31672,MS
Prentiss,30084,MS
Quitman,24999,MS
Rankin,43459,MS
Scott,30336,MS
Sharkey,27895,MS
Simpson,34969,MS
Smith,33550,MS
Stone,30731,MS
Sunflower,29057,MS
Tallahatchie,28695,MS
Tate,34873,MS
Tippah,32520,MS
Tishomingo,31981,MS
Tunica,31814,MS
Union,31512,MS
Walthall,31006,MS
Warren,38525,MS
Washington,36248,MS
Wayne,32511,MS
Webster,36500,MS
Wilkinson,28850,MS
Winston,33875,MS
Yalobusha,34863,MS
Yazoo,27455,MS
Adair,32037,MO
Andrew,42782,MO
Atchison,45975,MO
Audrain,38228,MO
Barry,33277,MO
Barton,34589,MO
Bates,37037,MO
Benton,33736,MO
Bollinger,31478,MO
Boone,44797,MO
Buchanan,37779,MO
Butler,34789,MO
Caldwell,35121,MO
Callaway,36418,MO
Camden,35598,MO
Cape Girardeau,43556,MO
Carroll,43508,MO
Carter,31090,MO
Cass,45075,MO
Cedar,30262,MO
Chariton,41686,MO
Christian,38310,MO
Clark,34332,MO
Clay,46026,MO
Clinton,41554,MO
Cole,44783,MO
Cooper,36872,MO
Crawford,35282,MO
Dade,33748,MO
Dallas,32308,MO
Daviess,34028,MO
DeKalb,27236,MO
Dent,31454,MO
Douglas,26463,MO
Dunklin,32790,MO
Franklin,41887,MO
Gasconade,37472,MO
Gentry,41287,MO
Greene,41344,MO
Grundy,33508,MO
Harrison,36931,MO
Henry,40307,MO
Hickory,26346,MO
Holt,46194,MO
Howard,37470,MO
Howell,31931,MO
Iron,32894,MO
Jackson,44432,MO
Jasper,38150,MO
Jefferson,40192,MO
Johnson,34550,MO
Knox,32165,MO
Laclede,34317,MO
Lafayette,40657,MO
Lawrence,32399,MO
Lewis,32809,MO
Lincoln,38584,MO
Linn,37090,MO
Livingston,38010,MO
McDonald,27094,MO
Macon,40631,MO
Madison,35432,MO
Maries,31955,MO
Marion,38916,MO
Mercer,33890,MO
Miller,34635,MO
Mississippi,32093,MO
Moniteau,35375,MO
Monroe,39260,MO
Montgomery,40795,MO
Morgan,39893,MO
New Madrid,31290,MO
Newton,37232,MO
Nodaway,29079,MO
Oregon,28022,MO
Osage,42816,MO
Ozark,29142,MO
Pemiscot,33326,MO
Perry,38628,MO
Pettis,36186,MO
Phelps,37422,MO
Pike,33735,MO
Platte,54893,MO
Polk,31938,MO
Pulaski,39542,MO
Putnam,34693,MO
Ralls,40220,MO
Randolph,38726,MO
Ray,40116,MO
Reynolds,32238,MO
Ripley,30206,MO
St. Charles,50284,MO
St. Clair,28955,MO
Ste. Genevieve,37106,MO
St. Francois,32349,MO
St. Louis,67029,MO
Saline,38228,MO
Schuyler,27614,MO
Scotland,32434,MO
Scott,38255,MO
Shannon,28210,MO
Shelby,37346,MO
Stoddard,35407,MO
Stone,35794,MO
Sullivan,38892,MO
Taney,34394,MO
Texas,26425,MO
Vernon,35519,MO
Warren,39093,MO
Washington,28139,MO
Wayne,28879,MO
Webster,31268,MO
Worth,36236,MO
Wright,30848,MO
St. Louis City,43577,MO
Beaverhead,44381,MT
Big Horn,28698,MT
Blaine,28810,MT
Broadwater,38717,MT
Carbon,45444,MT
Carter,44869,MT
Cascade,45959,MT
Chouteau,33066,MT
Custer,43680,MT
Daniels,31067,MT
Dawson,41576,MT
Deer Lodge,38219,MT
Fallon,47322,MT
Fergus,42200,MT
Flathead,45760,MT
Gallatin,51751,MT
Garfield,37318,MT
Glacier,32960,MT
Golden Valley,52800,MT
Granite,40572,MT
Hill,43393,MT
Jefferson,46256,MT
Judith Basin,47411,MT
Lake,36982,MT
Lewis and Clark,47328,MT
Liberty,35320,MT
Lincoln,34299,MT
McCone,32104,MT
Madison,48035,MT
Meagher,44763,MT
Mineral,38312,MT
Missoula,46829,MT
Musselshell,39433,MT
Park,47033,MT
Petroleum,34407,MT
Phillips,35634,MT
Pondera,40688,MT
Powder River,33759,MT
Powell,40884,MT
Prairie,43463,MT
Ravalli,42123,MT
Richland,55167,MT
Roosevelt,31565,MT
Rosebud,41167,MT
Sanders,33426,MT
Sheridan,45855,MT
Silver Bow,47943,MT
Stillwater,49040,MT
Sweet Grass,42048,MT
Teton,43992,MT
Toole,43255,MT
Treasure,46863,MT
Valley,41337,MT
Wheatland,35177,MT
Wibaux,46683,MT
Yellowstone,50035,MT
Adams,47158,NE
Antelope,52682,NE
Arthur,43247,NE
Banner,56007,NE
Blaine,58373,NE
Boone,58370,NE
Box Butte,44603,NE
Boyd,50489,NE
Brown,51850,NE
Buffalo,51614,NE
Burt,49697,NE
Butler,46107,NE
Cass,51000,NE
Cedar,53946,NE
Chase,48397,NE
Cherry,49467,NE
Cheyenne,47875,NE
Clay,44691,NE
Colfax,41629,NE
Cuming,63125,NE
Custer,47380,NE
Dakota,39912,NE
Dawes,37093,NE
Dawson,41575,NE
Deuel,39469,NE
Dixon,44819,NE
Dodge,45463,NE
Douglas,59433,NE
Dundy,54590,NE
Fillmore,56095,NE
Franklin,44931,NE
Frontier,43548,NE
Furnas,46863,NE
Gage,48079,NE
Garden,43663,NE
Garfield,44411,NE
Gosper,48595,NE
Grant,48481,NE
Greeley,47426,NE
Hall,41476,NE
Hamilton,52244,NE
Harlan,41834,NE
Hayes,48490,NE
Hitchcock,37209,NE
Holt,56789,NE
Hooker,51749,NE
Howard,43528,NE
Jefferson,46719,NE
Johnson,37921,NE
Kearney,55680,NE
Keith,42669,NE
Keya Paha,66206,NE
Kimball,44960,NE
Knox,45669,NE
Lancaster,46874,NE
Lincoln,46578,NE
Logan,46952,NE
Loup,53044,NE
McPherson,52627,NE
Madison,48087,NE
Merrick,45683,NE
Morrill,49765,NE
Nance,39899,NE
Nemaha,48894,NE
Nuckolls,47321,NE
Otoe,50212,NE
Pawnee,44048,NE
Perkins,53568,NE
Phelps,55277,NE
Pierce,53771,NE
Platte,48233,NE
Polk,50165,NE
Red Willow,44356,NE
Richardson,47160,NE
Rock,57659,NE
Saline,40998,NE
Sarpy,48129,NE
Saunders,49725,NE
Scotts Bluff,41864,NE
Seward,47842,NE
Sheridan,45072,NE
Sherman,41869,NE
Sioux,50458,NE
Stanton,47261,NE
Thayer,50596,NE
Thomas,55014,NE
Thurston,44034,NE
Valley,46100,NE
Washington,53838,NE
Wayne,45371,NE
Webster,45805,NE
Wheeler,82615,NE
York,49105,NE
Churchill,41332,NV
Clark,44217,NV
Douglas,69188,NV
Elko,44497,NV
Esmeralda,41168,NV
Eureka,37003,NV
Humboldt,45548,NV
Lander,58807,NV
Lincoln,35711,NV
Lyon,36806,NV
Mineral,36925,NV
Nye,36521,NV
Pershing,32944,NV
Storey,52348,NV
Washoe,55487,NV
White Pine,43098,NV
Carson City,48997,NV
Belknap,59032,NH
Carroll,56145,NH
Cheshire,51153,NH
Coos,41866,NH
Grafton,59356,NH
Hillsborough,60064,NH
Merrimack,56948,NH
Rockingham,70788,NH
Strafford,49339,NH
Sullivan,50644,NH
Atlantic,46557,NJ
Bergen,81203,NJ
Burlington,59659,NJ
Camden,51878,NJ
Cape May,58324,NJ
Cumberland,38893,NJ
Essex,63554,NJ
Gloucester,52506,NJ
Hudson,59623,NJ
Hunterdon,86589,NJ
Mercer,66343,NJ
Middlesex,57598,NJ
Monmouth,75395,NJ
Morris,94259,NJ
Ocean,50184,NJ
Passaic,48152,NJ
Salem,47191,NJ
Somerset,96548,NJ
Sussex,59193,NJ
Union,64413,NJ
Warren,53531,NJ
Bernalillo,42186,NM
Catron,30895,NM
Chaves,40537,NM
Cibola,27620,NM
Colfax,39272,NM
Curry,44791,NM
De Baca,39220,NM
Doña Ana,35362,NM
Eddy,48280,NM
Grant,38737,NM
Guadalupe,32848,NM
Harding,39588,NM
Hidalgo,37255,NM
Lea,37419,NM
Lincoln,41111,NM
Los Alamos,68053,NM
Luna,29131,NM
McKinley,26837,NM
Mora,35258,NM
Otero,33792,NM
Quay,37060,NM
Rio Arriba,33590,NM
Roosevelt,39974,NM
Sandoval,40396,NM
San Juan,33751,NM
San Miguel,33494,NM
Santa Fe,55553,NM
Sierra,38137,NM
Socorro,33675,NM
Taos,36853,NM
Torrance,29192,NM
Union,34498,NM
Valencia,32244,NM
Albany,58048,NY
Allegany,33942,NY
Bronx,35564,NY
Broome,42825,NY
Cattaraugus,38644,NY
Cayuga,40797,NY
Chautauqua,39624,NY
Chemung,42577,NY
Chenango,41118,NY
Clinton,42720,NY
Columbia,53436,NY
Cortland,39465,NY
Delaware,37981,NY
Dutchess,54093,NY
Erie,49330,NY
Essex,43857,NY
Franklin,36617,NY
Fulton,42020,NY
Genesee,42365,NY
Greene,46210,NY
Hamilton,52436,NY
Herkimer,40320,NY
Jefferson,45069,NY
Kings,48758,NY
Lewis,42814,NY
Livingston,43071,NY
Madison,42380,NY
Monroe,50894,NY
Montgomery,41070,NY
Nassau,84763,NY
New York,175960,NY
Niagara,43866,NY
Oneida,43198,NY
Onondaga,50244,NY
Ontario,51321,NY
Orange,50113,NY
Orleans,37736,NY
Oswego,38671,NY
Otsego,41941,NY
Putnam,63469,NY
Queens,46829,NY
Rensselaer,47633,NY
Richmond,54908,NY
Rockland,58133,NY
St. Lawrence,36371,NY
Saratoga,65288,NY
Schenectady,49389,NY
Schoharie,38855,NY
Schuyler,40458,NY
Seneca,37037,NY
Steuben,43528,NY
Suffolk,65758,NY
Sullivan,44707,NY
Tioga,43928,NY
Tompkins,42373,NY
Ulster,48811,NY
Warren,50690,NY
Washington,38783,NY
Wayne,44332,NY
Westchester,101542,NY
Wyoming,38825,NY
Yates,38601,NY
Alamance,38839,NC
Alexander,35839,NC
Alleghany,37836,NC
Anson,33379,NC
Ashe,35707,NC
Avery,34885,NC
Beaufort,40926,NC
Bertie,34212,NC
Bladen,34439,NC
Brunswick,41092,NC
Buncombe,46102,NC
Burke,34304,NC
Cabarrus,43920,NC
Caldwell,33815,NC
Camden,44290,NC
Carteret,47871,NC
Caswell,34704,NC
Catawba,43651,NC
Chatham,60127,NC
Cherokee,31207,NC
Chowan,39125,NC
Clay,32610,NC
Cleveland,36281,NC
Columbus,31955,NC
Craven,42367,NC
Cumberland,37406,NC
Currituck,44149,NC
Dare,53415,NC
Davidson,37913,NC
Davie,45625,NC
Duplin,33440,NC
Durham,47825,NC
Edgecombe,33761,NC
Forsyth,46888,NC
Franklin,34302,NC
Gaston,39578,NC
Gates,35404,NC
Graham,31087,NC
Granville,36924,NC
Greene,32234,NC
Guilford,45034,NC
Halifax,35105,NC
Harnett,32947,NC
Haywood,38873,NC
Henderson,41179,NC
Hertford,32102,NC
Hoke,29997,NC
Hyde,41283,NC
Iredell,48606,NC
Jackson,31782,NC
Johnston,38278,NC
Jones,38924,NC
Lee,38638,NC
Lenoir,39636,NC
Lincoln,43453,NC
McDowell,32673,NC
Macon,38516,NC
Madison,32453,NC
Martin,34415,NC
Mecklenburg,57368,NC
Mitchell,34415,NC
Montgomery,33662,NC
Moore,49286,NC
Nash,40299,NC
New Hanover,44236,NC
Northampton,33205,NC
Onslow,44972,NC
Orange,62202,NC
Pamlico,40637,NC
Pasquotank,38174,NC
Pender,35619,NC
Perquimans,39512,NC
Person,36722,NC
Pitt,39900,NC
Polk,43278,NC
Randolph,36339,NC
Richmond,34494,NC
Robeson,28895,NC
Rockingham,36323,NC
Rowan,36994,NC
Rutherford,31572,NC
Sampson,36035,NC
Scotland,31680,NC
Stanly,37989,NC
Stokes,35584,NC
Surry,37856,NC
Swain,37110,NC
Transylvania,40264,NC
Tyrrell,30876,NC
Union,49648,NC
Vance,34271,NC
Wake,56162,NC
Warren,29453,NC
Washington,35133,NC
Watauga,35542,NC
Wayne,37126,NC
Wilkes,35736,NC
Wilson,39301,NC
Yadkin,36233,NC
Yancey,34449,NC
Adams,56404,ND
Barnes,48674,ND
Benson,30142,ND
Billings,67237,ND
Bottineau,49720,ND
Bowman,54364,ND
Burke,63237,ND
Burleigh,57452,ND
Cass,54196,ND
Cavalier,57615,ND
Dickey,47457,ND
Divide,41783,ND
Dunn,53267,ND
Eddy,48703,ND
Emmons,41663,ND
Foster,54870,ND
Golden Valley,38766,ND
Grand Forks,49577,ND
Grant,34818,ND
Griggs,51105,ND
Hettinger,42991,ND
Kidder,42882,ND
LaMoure,39972,ND
Logan,52234,ND
McHenry,45582,ND
McIntosh,54121,ND
McKenzie,55843,ND
McLean,46987,ND
Mercer,58454,ND
Morton,50216,ND
Mountrail,50331,ND
Nelson,57077,ND
Oliver,46781,ND
Pembina,48913,ND
Pierce,43745,ND
Ramsey,45791,ND
Ransom,48808,ND
Renville,48186,ND
Richland,48024,ND
Rolette,33731,ND
Sargent,56426,ND
Sheridan,27861,ND
Sioux,27185,ND
Slope,30462,ND
Stark,59106,ND
Steele,57998,ND
Stutsman,49366,ND
Towner,43767,ND
Traill,47890,ND
Walsh,45094,ND
Ward,51462,ND
Wells,53428,ND
Williams,66397,ND
Adams,33284,OH
Allen,40925,OH
Ashland,36857,OH
Ashtabula,36974,OH
Athens,32610,OH
Auglaize,45932,OH
Belmont,39646,OH
Brown,35361,OH
Butler,44900,OH
Carroll,36959,OH
Champaign,39425,OH
Clark,39289,OH
Clermont,50003,OH
Clinton,43080,OH
Columbiana,36142,OH
Coshocton,33268,OH
Crawford,37012,OH
Cuyahoga,52783,OH
Darke,39773,OH
Defiance,39250,OH
Delaware,71325,OH
Erie,64157,OH
Fairfield,44179,OH
Fayette,37005,OH
Franklin,49448,OH
Fulton,43149,OH
Gallia,36965,OH
Geauga,66214,OH
Greene,48073,OH
Guernsey,37455,OH
Hamilton,56931,OH
Hancock,48664,OH
Hardin,31048,OH
Harrison,37302,OH
Henry,42829,OH
Highland,34472,OH
Hocking,36443,OH
Holmes,41334,OH
Huron,38826,OH
Jackson,34760,OH
Jefferson,36847,OH
Knox,40632,OH
Lake,48695,OH
Lawrence,36466,OH
Licking,44212,OH
Logan,40406,OH
Lorain,44433,OH
Lucas,44921,OH
Madison,39993,OH
Mahoning,41706,OH
Marion,36328,OH
Medina,53528,OH
Meigs,32964,OH
Mercer,46149,OH
Miami,45340,OH
Monroe,31564,OH
Montgomery,45039,OH
Morgan,31752,OH
Morrow,37077,OH
Muskingum,39338,OH
Noble,25592,OH
Ottawa,48804,OH
Paulding,37644,OH
Perry,35920,OH
Pickaway,39071,OH
Pike,35201,OH
Portage,41983,OH
Preble,38372,OH
Putnam,45866,OH
Richland,37977,OH
Ross,35177,OH
Sandusky,39596,OH
Scioto,36466,OH
Seneca,38221,OH
Shelby,43739,OH
Stark,43293,OH
Summit,49168,OH
Trumbull,39771,OH
Tuscarawas,41058,OH
Union,50362,OH
Van Wert,39537,OH
Vinton,31896,OH
Warren,56808,OH
Washington,40096,OH
Wayne,41891,OH
Williams,39684,OH
Wood,45093,OH
Wyandot,41861,OH
Adair,28755,OK
Alfalfa,38309,OK
Atoka,31951,OK
Beaver,48213,OK
Beckham,36421,OK
Blaine,38097,OK
Bryan,33533,OK
Caddo,33886,OK
Canadian,42657,OK
Carter,40727,OK
Cherokee,31175,OK
Choctaw,31085,OK
Cimarron,60048,OK
Cleveland,43292,OK
Coal,31948,OK
Comanche,40053,OK
Cotton,38155,OK
Craig,34984,OK
Creek,39746,OK
Custer,39818,OK
Delaware,30839,OK
Dewey,41543,OK
Ellis,48799,OK
Garfield,42622,OK
Garvin,36226,OK
Grady,37334,OK
Grant,45441,OK
Greer,27922,OK
Harmon,39100,OK
Harper,44822,OK
Haskell,32615,OK
Hughes,30462,OK
Jackson,40193,OK
Jefferson,30860,OK
Johnston,34801,OK
Kay,39780,OK
Kingfisher,45150,OK
KIA,33857,OK
Latimer,32633,OK
Le Flore,32635,OK
Lincoln,34279,OK
Logan,39147,OK
Love,36756,OK
McClain,43323,OK
McCurtain,31857,OK
McIntosh,32909,OK
Major,40013,OK
Marshall,32465,OK
Mayes,34098,OK
Murray,40808,OK
Muskogee,35810,OK
Noble,39876,OK
Nowata,34428,OK
Okfuskee,29033,OK
Oklahoma,51149,OK
Okmulgee,32635,OK
Osage,33591,OK
Ottawa,34963,OK
Pawnee,33659,OK
Payne,36054,OK
Pittsburg,36903,OK
Pontotoc,41155,OK
Pottawatomie,35794,OK
Pushmataha,31381,OK
Roger Mills,47500,OK
Rogers,43539,OK
Seminole,32382,OK
Sequoyah,32540,OK
Stephens,38961,OK
Texas,44861,OK
Tillman,42809,OK
Tulsa,58985,OK
Wagoner,38091,OK
Washington,57255,OK
Washita,35075,OK
Woods,40899,OK
Woodward,41481,OK
Baker,39026,OR
Benton,45273,OR
Clackamas,56268,OR
Clatsop,42774,OR
Columbia,42092,OR
Coos,41802,OR
Crook,38366,OR
Curry,41099,OR
Deschutes,50955,OR
Douglas,38752,OR
Gilliam,47614,OR
Grant,39797,OR
Harney,38177,OR
Hood River,52100,OR
Jackson,44360,OR
Jefferson,31543,OR
Josephine,38896,OR
Klamath,38446,OR
Lake,38091,OR
Lane,43430,OR
Lincoln,41448,OR
Linn,40380,OR
Malheur,30231,OR
Marion,41093,OR
Morrow,40309,OR
Multnomah,54329,OR
Polk,39958,OR
Sherman,48609,OR
Tillamook,41677,OR
Umatilla,37964,OR
Union,38301,OR
Wallowa,42926,OR
Wasco,42069,OR
Washington,57331,OR
Wheeler,34414,OR
Yamhill,42882,OR
Adams,47067,PA
Allegheny,58146,PA
Armstrong,41756,PA
Beaver,45851,PA
Bedford,40149,PA
Berks,47302,PA
Blair,43793,PA
Bradford,38869,PA
Bucks,69370,PA
Butler,55534,PA
Cambria,40985,PA
Cameron,45774,PA
Carbon,49020,PA
Centre,44152,PA
Chester,77465,PA
Clarion,39516,PA
Clearfield,41786,PA
Clinton,37986,PA
Columbia,40337,PA
Crawford,38191,PA
Cumberland,51767,PA
Dauphin,48699,PA
Delaware,62440,PA
Elk,46147,PA
Erie,41887,PA
Fayette,39948,PA
Forest,21795,PA
Franklin,43866,PA
Fulton,41701,PA
Greene,41168,PA
Huntingdon,35882,PA
Indiana,37206,PA
Jefferson,41477,PA
Juniata,43244,PA
Lackawanna,45319,PA
Lancaster,49207,PA
Lawrence,41264,PA
Lebanon,45645,PA
Lehigh,51298,PA
Luzerne,43189,PA
Lycoming,41346,PA
McKean,42882,PA
Mercer,40050,PA
Mifflin,37469,PA
Monroe,40706,PA
Montgomery,77207,PA
Montour,54960,PA
Northampton,51479,PA
Northumberland,39485,PA
Perry,42306,PA
Philadelphia,55718,PA
Pike,45465,PA
Potter,39830,PA
Schuylkill,40568,PA
Snyder,39916,PA
Somerset,39334,PA
Sullivan,44236,PA
Susquehanna,41527,PA
Tioga,39202,PA
Union,39232,PA
Venango,39540,PA
Warren,39714,PA
Washington,54210,PA
Wayne,41503,PA
Westmoreland,49040,PA
Wyoming,42406,PA
York,47427,PA
Bristol,76148,RI
Kent,56996,RI
Newport,64599,RI
Providence,46470,RI
Washington,62357,RI
Abbeville,33044,SC
Aiken,40656,SC
Allendale,30946,SC
Anderson,38271,SC
Bamberg,31881,SC
Barnwell,32428,SC
Beaufort,52763,SC
Berkeley,37483,SC
Calhoun,36787,SC
Charleston,57281,SC
Cherokee,31313,SC
Chester,32667,SC
Chesterfield,29559,SC
Clarendon,32037,SC
Colleton,34345,SC
Darlington,35764,SC
Dillon,27111,SC
Dorchester,37847,SC
Edgefield,34913,SC
Fairfield,36198,SC
Florence,40411,SC
Georgetown,44782,SC
Greenville,46066,SC
Greenwood,35829,SC
Hampton,30861,SC
Horry,35520,SC
Jasper,27762,SC
Kershaw,39842,SC
Lancaster,47505,SC
Laurens,33390,SC
Lee,31616,SC
Lexington,44497,SC
McCormick,35465,SC
Marion,30157,SC
Marlboro,29861,SC
Newberry,36846,SC
Oconee,41424,SC
Orangeburg,32668,SC
Pickens,36936,SC
Richland,43863,SC
Saluda,33164,SC
Spartanburg,41709,SC
Sumter,36887,SC
Union,31858,SC
Williamsburg,31735,SC
York,44343,SC
Aurora,43282,SD
Beadle,47499,SD
Bennett,29283,SD
Bon Homme,35797,SD
Brookings,44774,SD
Brown,49593,SD
Brule,40543,SD
Buffalo,23395,SD
Butte,36251,SD
Campbell,45381,SD
Charles Mix,40270,SD
Clark,43269,SD
Clay,37400,SD
Codington,45720,SD
Corson,26327,SD
Custer,45967,SD
Davison,48894,SD
Day,41634,SD
Deuel,49703,SD
Dewey,35386,SD
Douglas,55445,SD
Edmunds,42976,SD
Fall River,45345,SD
Faulk,36489,SD
Grant,53216,SD
Gregory,45771,SD
Haakon,46718,SD
Hamlin,40601,SD
Hand,40806,SD
Hanson,61173,SD
Harding,48773,SD
Hughes,50721,SD
Hutchinson,48086,SD
Hyde,45190,SD
Jackson,24857,SD
Jerauld,48313,SD
Jones,48243,SD
Kingsbury,44895,SD
Lake,51667,SD
Lawrence,46936,SD
Lincoln,64275,SD
Lyman,38324,SD
McCook,48430,SD
McPherson,33556,SD
Marshall,42479,SD
Meade,41511,SD
Mellette,26857,SD
Miner,49877,SD
Minnehaha,53469,SD
Moody,47690,SD
Oglala Lakota,23848,SD
Pennington,48587,SD
Perkins,43467,SD
Potter,58461,SD
Roberts,33829,SD
Sanborn,45272,SD
Spink,46460,SD
Stanley,66677,SD
Sully,56447,SD
Todd,25032,SD
Tripp,44033,SD
Turner,60365,SD
Union,96345,SD
Walworth,42389,SD
Yankton,46470,SD
Ziebach,20764,SD
Anderson,40847,TN
Bedford,36427,TN
Benton,33164,TN
Bledsoe,25705,TN
Blount,41224,TN
Bradley,38766,TN
Campbell,33042,TN
Cannon,35489,TN
Carroll,35572,TN
Carter,33506,TN
Cheatham,42250,TN
Chester,33194,TN
Claiborne,34635,TN
Clay,31134,TN
Cocke,31362,TN
Coffee,38205,TN
Crockett,35555,TN
Cumberland,36038,TN
Davidson,63063,TN
Decatur,41882,TN
DeKalb,38720,TN
Dickson,39055,TN
Dyer,39328,TN
Fayette,53942,TN
Fentress,31462,TN
Franklin,37556,TN
Gibson,37464,TN
Giles,38181,TN
Grainger,32317,TN
Greene,38967,TN
Grundy,30407,TN
Hamblen,36017,TN
Hamilton,50196,TN
Hancock,26422,TN
Hardeman,28730,TN
Hardin,38149,TN
Hawkins,33439,TN
Haywood,31794,TN
Henderson,34453,TN
Henry,40839,TN
Hickman,31460,TN
Houston,32297,TN
Humphreys,38686,TN
Jackson,30370,TN
Jefferson,34362,TN
Johnson,31464,TN
Knox,48160,TN
Lake,23175,TN
Lauderdale,28141,TN
Lawrence,33845,TN
Lewis,33294,TN
Lincoln,40431,TN
Loudon,46183,TN
McMinn,35084,TN
McNairy,31901,TN
Macon,33041,TN
Madison,41430,TN
Marion,37473,TN
Marshall,36759,TN
Maury,41302,TN
Meigs,33347,TN
Monroe,32283,TN
Montgomery,40633,TN
Moore,39185,TN
Morgan,28699,TN
Obion,38750,TN
Overton,32445,TN
Perry,33670,TN
Pickett,39171,TN
Polk,33290,TN
Putnam,38688,TN
Rhea,34267,TN
Roane,39763,TN
Robertson,40463,TN
Rutherford,39968,TN
Scott,28721,TN
Sequatchie,36691,TN
Sevier,38114,TN
Shelby,47655,TN
Smith,36759,TN
Stewart,39523,TN
Sullivan,41431,TN
Sumner,46998,TN
Tipton,37515,TN
Trousdale,31893,TN
Unicoi,36779,TN
Union,30686,TN
Van Buren,30793,TN
Warren,33483,TN
Washington,42002,TN
Wayne,27306,TN
Weakley,36265,TN
White,32207,TN
Williamson,95339,TN
Wilson,47335,TN
Anderson,33362,TX
Andrews,43105,TX
Angelina,37555,TX
Aransas,44820,TX
Archer,47110,TX
Armstrong,45262,TX
Atascosa,34372,TX
Austin,49262,TX
Bailey,44659,TX
Bandera,42330,TX
Bastrop,34969,TX
Baylor,39650,TX
Bee,27078,TX
Bell,42024,TX
Bexar,43798,TX
Blanco,48978,TX
Borden,51776,TX
Bosque,40704,TX
Bowie,38807,TX
Brazoria,45925,TX
Brazos,37352,TX
Brewster,44418,TX
Briscoe,34165,TX
Brooks,33466,TX
Brown,37041,TX
Burleson,40482,TX
Burnet,45350,TX
Caldwell,32889,TX
Calhoun,36587,TX
Callahan,38029,TX
Cameron,27741,TX
Camp,38491,TX
Carson,44364,TX
Cass,35996,TX
Castro,50209,TX
Chambers,51832,TX
Cherokee,34257,TX
Childress,29965,TX
Clay,42522,TX
Cochran,40614,TX
Coke,38586,TX
Coleman,38788,TX
Collin,64025,TX
Collingsworth,38186,TX
Colorado,44836,TX
Comal,55965,TX
Comanche,39842,TX
Concho,32328,TX
Cooke,47339,TX
Coryell,32904,TX
Cottle,60247,TX
Crane,39596,TX
Crockett,36757,TX
Crosby,34530,TX
Culberson,47127,TX
Dallam,54562,TX
Dallas,55859,TX
Dawson,36857,TX
Deaf Smith,41634,TX
Delta,34737,TX
Denton,53948,TX
DeWitt,51896,TX
Dickens,32006,TX
Dimmit,32067,TX
Donley,44176,TX
Duval,34579,TX
Eastland,56294,TX
Ector,40851,TX
Edwards,34266,TX
Ellis,42490,TX
El Paso,34582,TX
Erath,37624,TX
Falls,32392,TX
Fannin,36826,TX
Fayette,48833,TX
Fisher,36259,TX
Floyd,39067,TX
Foard,37809,TX
Fort Bend,54510,TX
Franklin,38351,TX
Freestone,35681,TX
Frio,26421,TX
Gaines,36750,TX
Galveston,49079,TX
Garza,26482,TX
Gillespie,57382,TX
Glasscock,78012,TX
Goliad,40890,TX
Gonzales,41154,TX
Gray,41781,TX
Grayson,41250,TX
Gregg,44073,TX
Grimes,33661,TX
Guadalupe,43019,TX
Hale,31778,TX
Hall,30033,TX
Hamilton,56845,TX
Hansford,60759,TX
Hardeman,38151,TX
Hardin,44456,TX
Harris,53188,TX
Harrison,40068,TX
Hartley,62274,TX
Haskell,34682,TX
Hays,41902,TX
Hemphill,52632,TX
Henderson,38216,TX
Hidalgo,25617,TX
Hill,37502,TX
Hockley,37199,TX
Hood,47368,TX
Hopkins,37868,TX
Houston,36552,TX
Howard,36367,TX
Hudspeth,33241,TX
Hunt,36725,TX
Hutchinson,42053,TX
Irion,55231,TX
Jack,39070,TX
Jackson,39981,TX
Jasper,39105,TX
Jeff Davis,39627,TX
Jefferson,42338,TX
Jim Hogg,30088,TX
Jim Wells,37906,TX
Johnson,39941,TX
Jones,29969,TX
Karnes,44986,TX
Kaufman,41140,TX
Kendall,83808,TX
Kenedy,41297,TX
Kent,48558,TX
Kerr,47288,TX
Kimble,41007,TX
King,37689,TX
Kinney,28964,TX
Kleberg,37123,TX
Knox,36564,TX
Lamar,40610,TX
Lamb,38465,TX
Lampasas,48098,TX
La Salle,34696,TX
Lavaca,47880,TX
Lee,44991,TX
Leon,37988,TX
Liberty,35840,TX
Limestone,33945,TX
Lipscomb,54838,TX
Live Oak,32196,TX
Llano,46826,TX
Loving,45858,TX
Lubbock,41433,TX
Lynn,34704,TX
McCulloch,37492,TX
McLennan,39740,TX
McMullen,58513,TX
Madison,29957,TX
Marion,36419,TX
Martin,46781,TX
Mason,42113,TX
Matagorda,40827,TX
Maverick,28636,TX
Medina,38189,TX
Menard,35475,TX
Midland,75002,TX
Milam,36731,TX
Mills,36789,TX
Mitchell,30037,TX
Montague,39085,TX
Montgomery,57585,TX
Moore,40454,TX
Morris,42249,TX
Motley,28447,TX
Nacogdoches,36398,TX
Navarro,36960,TX
Newton,31306,TX
Nolan,40256,TX
Nueces,41873,TX
Ochiltree,50251,TX
Oldham,48409,TX
Orange,43412,TX
Palo Pinto,36987,TX
Panola,40411,TX
Parker,51930,TX
Parmer,47274,TX
Pecos,33461,TX
Polk,38210,TX
Potter,40456,TX
Presidio,39183,TX
Rains,32379,TX
Randall,46718,TX
Reagan,40496,TX
Real,34198,TX
Red River,39414,TX
Reeves,32859,TX
Refugio,41496,TX
Roberts,39397,TX
Robertson,39350,TX
Rockwall,58717,TX
Runnels,39215,TX
Rusk,35508,TX
Sabine,35371,TX
San Augustine,38277,TX
San Jacinto,33712,TX
San Patricio,42852,TX
San Saba,36596,TX
Schleicher,35836,TX
Scurry,37542,TX
Shackelford,77918,TX
Shelby,38554,TX
Sherman,64897,TX
Smith,47200,TX
Somervell,44871,TX
Starr,24981,TX
Stephens,37189,TX
Sterling,52080,TX
Stonewall,48863,TX
Sutton,58599,TX
Swisher,44632,TX
Tarrant,47525,TX
Taylor,43329,TX
Terrell,48058,TX
Terry,32649,TX
Throckmorton,33732,TX
Titus,33406,TX
Tom Green,42688,TX
Travis,62205,TX
Trinity,34383,TX
Tyler,31551,TX
Upshur,34783,TX
Upton,39222,TX
Uvalde,36797,TX
Val Verde,34732,TX
Van Zandt,36649,TX
Victoria,42484,TX
Walker,27302,TX
Waller,37508,TX
Ward,41579,TX
Washington,47741,TX
Webb,30008,TX
Wharton,40535,TX
Wheeler,38978,TX
Wichita,40034,TX
Wilbarger,39542,TX
Willacy,30047,TX
Williamson,48091,TX
Wilson,42219,TX
Winkler,42940,TX
Wise,41321,TX
Wood,37426,TX
Yoakum,39807,TX
Young,45405,TX
Zapata,27325,TX
Zavala,27695,TX
Beaver,29364,UT
Box Elder,35552,UT
Cache,36847,UT
Carbon,35573,UT
Daggett,39087,UT
Davis,44106,UT
Duchesne,33878,UT
Emery,30131,UT
Garfield,35988,UT
Grand,49593,UT
Iron,30088,UT
Juab,34089,UT
Kane,37981,UT
Millard,35174,UT
Morgan,49013,UT
Piute,32046,UT
Rich,34121,UT
Salt Lake,49445,UT
San Juan,24905,UT
Sanpete,27710,UT
Sevier,31677,UT
Summit,121932,UT
Tooele,35166,UT
Uintah,29962,UT
Utah,38149,UT
Wasatch,49092,UT
Washington,35161,UT
Wayne,35126,UT
Weber,39286,UT
Addison,49645,VT
Bennington,51980,VT
Caledonia,39977,VT
Chittenden,59184,VT
Essex,34997,VT
Franklin,44320,VT
Grand Isle,57258,VT
Lamoille,51558,VT
Orange,45275,VT
Orleans,42350,VT
Rutland,49974,VT
Washington,58968,VT
Windham,49220,VT
Windsor,55034,VT
Accomack,40701,VA
Amelia,43032,VA
Amherst,35992,VA
Appomattox,36663,VA
Arlington,89487,VA
Bath,58876,VA
Bedford,43826,VA
Bland,35046,VA
Botetourt,48152,VA
Brunswick,32432,VA
Buchanan,34420,VA
Buckingham,29397,VA
Caroline,40509,VA
Charles City,42788,VA
Charlotte,33975,VA
Chesterfield,51755,VA
Clarke,63577,VA
Craig,35458,VA
Culpeper,44336,VA
Cumberland,37106,VA
Dickenson,30687,VA
Essex,40170,VA
Fauquier,66756,VA
Floyd,36640,VA
Fluvanna,43145,VA
Franklin,38707,VA
Giles,38015,VA
Gloucester,47935,VA
Goochland,92911,VA
Grayson,31820,VA
Greene,43055,VA
Halifax,35761,VA
Hanover,58214,VA
Henrico,63634,VA
Highland,42873,VA
Isle of Wight,53168,VA
King and Queen,41599,VA
King George,50971,VA
King William,45300,VA
Lancaster,55403,VA
Lee,29295,VA
Loudoun,74834,VA
Louisa,40581,VA
Lunenburg,32149,VA
Madison,47022,VA
Mathews,53380,VA
Mecklenburg,36014,VA
Middlesex,48703,VA
Nelson,48220,VA
New Kent,66794,VA
Northampton,45848,VA
Northumberland,48939,VA
Nottoway,33682,VA
Orange,46293,VA
Page,37533,VA
Patrick,32959,VA
Powhatan,54427,VA
Prince Edward,30688,VA
Pulaski,38549,VA
Rappahannock,60919,VA
Richmond,35263,VA
Russell,31977,VA
Scott,32685,VA
Shenandoah,43015,VA
Smyth,35778,VA
Stafford,53048,VA
Surry,42427,VA
Sussex,30151,VA
Tazewell,36612,VA
Warren,45257,VA
Westmoreland,41283,VA
Wythe,33876,VA
Adams,41603,WA
Asotin,44848,WA
Benton,45587,WA
Chelan,51434,WA
Clallam,43316,WA
Clark,50078,WA
Columbia,45918,WA
Cowlitz,42888,WA
Douglas,39037,WA
Ferry,35771,WA
Franklin,35587,WA
Garfield,42429,WA
Grant,38308,WA
Grays Harbor,38406,WA
Island,52174,WA
Jefferson,48975,WA
King,83383,WA
Kitsap,52508,WA
Kittitas,40218,WA
Klickitat,45143,WA
Lewis,41041,WA
Lincoln,43145,WA
Mason,40500,WA
Okanogan,41344,WA
Pacific,40150,WA
Pend Oreille,39247,WA
Pierce,49214,WA
San Juan,72153,WA
Skagit,49505,WA
Skamania,43851,WA
Snohomish,52405,WA
Spokane,43962,WA
Stevens,37499,WA
Thurston,48845,WA
Wahkiakum,41270,WA
Walla Walla,42973,WA
Whatcom,46028,WA
Whitman,37486,WA
Yakima,41331,WA
Barbour,30472,WV
Berkeley,39509,WV
Boone,31368,WV
Braxton,30406,WV
Brooke,39457,WV
Cabell,39335,WV
Calhoun,28392,WV
Clay,28588,WV
Doddridge,25807,WV
Fayette,32883,WV
Gilmer,27579,WV
Grant,35250,WV
Greenbrier,36241,WV
Hampshire,33981,WV
Hancock,39954,WV
Hardy,32148,WV
Harrison,44352,WV
Jackson,35153,WV
Jefferson,48569,WV
Kanawha,45642,WV
Lewis,36045,WV
Lincoln,28665,WV
Logan,33627,WV
McDowell,29939,WV
Marion,39732,WV
Marshall,37916,WV
Mason,31359,WV
Mercer,36087,WV
Mineral,37443,WV
Mingo,30592,WV
Monongalia,42734,WV
Monroe,29293,WV
Morgan,33067,WV
Nicholas,31629,WV
Ohio,62006,WV
Pendleton,33574,WV
Pleasants,39788,WV
Pocahontas,37065,WV
Preston,34542,WV
Putnam,44279,WV
Raleigh,37726,WV
Randolph,35075,WV
Ritchie,34252,WV
Roane,32066,WV
Summers,31679,WV
Taylor,37278,WV
Tucker,40066,WV
Tyler,34645,WV
Upshur,31104,WV
Wayne,30956,WV
Webster,26739,WV
Wetzel,32801,WV
Wirt,29994,WV
Wood,39244,WV
Wyoming,28635,WV
Adams,37748,WI
Ashland,39621,WI
Barron,46214,WI
Bayfield,45438,WI
Brown,49618,WI
Buffalo,43223,WI
Burnett,40774,WI
Calumet,47920,WI
Chippewa,43573,WI
Clark,38498,WI
Columbia,48239,WI
Crawford,40252,WI
Dane,58100,WI
Dodge,42640,WI
Door,59196,WI
Douglas,40846,WI
Dunn,38345,WI
Eau Claire,45468,WI
Florence,50145,WI
Fond du Lac,45753,WI
Forest,39367,WI
Grant,41349,WI
Green,48687,WI
Green Lake,44037,WI
Iowa,46563,WI
Iron,48393,WI
Jackson,43185,WI
Jefferson,43637,WI
Juneau,36103,WI
Kenosha,44879,WI
Kewaunee,45183,WI
La Crosse,47134,WI
Lafayette,42908,WI
Langlade,41836,WI
Lincoln,43935,WI
Manitowoc,45767,WI
Marathon,47617,WI
Marinette,42296,WI
Marquette,39340,WI
Menominee,28761,WI
Milwaukee,45099,WI
Monroe,39766,WI
Oconto,44140,WI
Oneida,47868,WI
Outagamie,49191,WI
Ozaukee,79255,WI
Pepin,46468,WI
Pierce,44636,WI
Polk,44669,WI
Portage,43699,WI
Price,44166,WI
Racine,46412,WI
Richland,41198,WI
Rock,42026,WI
Rusk,42704,WI
St. Croix,52858,WI
Sauk,45847,WI
Sawyer,43724,WI
Shawano,40357,WI
Sheboygan,50081,WI
Taylor,38313,WI
Trempealeau,42616,WI
Vernon,38766,WI
Vilas,51814,WI
Walworth,46737,WI
Washburn,45307,WI
Washington,54760,WI
Waukesha,69111,WI
Waupaca,44009,WI
Waushara,39064,WI
Winnebago,45852,WI
Wood,44601,WI
Albany,40301,WY
Big Horn,35888,WY
Campbell,48842,WY
Carbon,52575,WY
Converse,49290,WY
Crook,46013,WY
Fremont,42013,WY
Goshen,41492,WY
Hot Springs,50891,WY
Johnson,47629,WY
Laramie,50563,WY
Lincoln,41139,WY
Natrona,67023,WY
Niobrara,45020,WY
Park,49600,WY
Platte,47027,WY
Sheridan,54727,WY
Sublette,50090,WY
Sweetwater,49870,WY
Teton,233860,WY
Uinta,38797,WY
Washakie,45933,WY
Weston,43340,WY
